{"torsion_angle": [0.0, 10.0, 20.0, 29.999999999999996, 40.0, 50.0, 59.99999999999999, 70.0, 80.0, 90.0], "eigenenergies": [[-78.04809713945926, -77.67200312728573, -77.48581038299744], [-78.04262680027179, -77.68473330728109, -77.49941587433737], [-78.03318056546607, -77.70593925276388, -77.53160676989087], [-78.02103344143796, -77.726814201935, -77.57256929804728], [-78.00566383422016, -77.74559187822405, -77.61708631855645], [-77.98706835176554, -77.76156560687518, -77.6620707357534], [-77.96578898366072, -77.77432934591934, -77.70520151649494], [-77.94331557393295, -77.78361594171412, -77.74391458843469], [-77.92346404612576, -77.78925387549465, -77.77374315524428], [-77.91463082857679, -77.7911434085463, -77.78593984313135]]}