{"torsion_angle": [90.0, 90.0, 90.0, 90.0, 90.0, 90.0, 90.0, 90.0, 90.0, 90.0, 90.0, 90.0, 90.0], "pyramidalization_angle": [59.99999999999999, 70.0, 80.0, 90.0, 100.0, 110.0, 119.99999999999999, 130.0, 140.0, 150.00000000000003, 160.0, 170.0, 180.0], "eigenenergies": [[-77.7481198620657, -77.73965495814052, -77.55088620952664], [-77.76857575202615, -77.7642501371198, -77.56564174465336], [-77.79817417897871, -77.77684200406316, -77.5877266758564], [-77.8258032940078, -77.78622805732081, -77.61528191781157], [-77.8497170260629, -77.79264229563961, -77.64551295067032], [-77.86925904394418, -77.79630350455272, -77.67574702900481], [-77.88448213021454, -77.797583001592, -77.70399725590549], [-77.89579947106199, -77.79702114689593, -77.72899954791966], [-77.90379616642878, -77.79528565320666, -77.7499961334616], [-77.90911278727982, -77.79310187762063, -77.76653259358366], [-77.91237282570451, -77.79122672676122, -77.77825387647137], [-77.91409654967059, -77.79063512368509, -77.78457176356414], [-77.91463082828587, -77.79114340869293, -77.78593984327583]]}