{"torsion_angle": [0.0, 10.0, 20.0, 29.999999999999996, 40.0, 50.0, 59.99999999999999, 70.0, 80.0, 90.0], "eigenenergies": [[-78.04809713945933, -77.67200312728579, -77.4858103829975], [-78.0426268002718, -77.68473330728109, -77.49941587433739], [-78.03318056546608, -77.7059392527639, -77.5316067698909], [-78.02103344143795, -77.72681420193499, -77.57256929804727], [-78.00566383422029, -77.74559187822416, -77.61708631855657], [-77.98706835176552, -77.76156560687515, -77.66207073575337], [-77.96578898366063, -77.77432934591927, -77.70520151649485], [-77.94331557393285, -77.78361594171403, -77.74391458843459], [-77.9234640461258, -77.7892538754947, -77.77374315524432], [-77.91463082315306, -77.79114341128398, -77.78593984581893]], "I_exact": [[[58.700107257031306, 6.643990912991172e-16, 0.24083603962126343], [6.681937989028165e-16, 58.50347751415464, -1.536748159280954e-15], [0.24083603962126343, -3.6698075134289354e-15, 58.116946503392796]], [[58.68839379279726, -8.438345508454681e-15, 0.20829557928322026], [-9.125729685810491e-15, 58.510482688858815, -1.1481484166186995e-14], [0.20829557928322026, -5.1768485331837866e-15, 58.15999552487244]], [[58.66720009761798, -7.191296169661854e-15, 0.17561128297181264], [-6.852157730108388e-15, 58.51584623420305, -8.729995892853282e-16], [0.1756112829718129, 5.963111948670274e-16, 58.2115835409592]], [[58.64174978396923, -2.918672248330978e-15, 0.15505813247539468], [4.193694003173931e-16, 58.52022496205109, 5.873773689657469e-15], [0.15505813247539485, 6.161737786669619e-15, 58.25872580451758]], [[58.61245079079973, 2.858824288409778e-15, 0.14079786229513436], [1.7338561142388187e-15, 58.525446623640676, -8.868773770931426e-15], [0.14079786229513422, -5.4756546519207916e-15, 58.30687606015255]], [[58.57896892325334, -9.069134332406747e-15, 0.12927242485758586], [-8.801119555368331e-15, 58.531025247581795, -1.2725064058027868e-14], [0.1292724248575859, -6.849555644894423e-15, 58.35707369814213]], [[58.540446919977, 3.610826915245724e-15, 0.11747604944665516], [-9.063930161978817e-16, 58.536144366781826, 1.4719128693663208e-14], [0.11747604944665496, 9.998078753792328e-15, 58.40951000526891]], [[58.49573447149902, -6.701236787698406e-15, 0.10039741386214075], [-7.228159043526361e-15, 58.54020440460329, 6.565928356572215e-15], [0.10039741386214088, -1.9637069748057456e-15, 58.464676058768646]], [[58.447231839882505, 4.2847669856627135e-15, 0.06612023603156214], [5.437490735449302e-15, 58.54278358141735, 1.2222861611732583e-14], [0.06612023603156217, 1.1384990172835785e-14, 58.519635872571314]], [[58.420193986829815, -2.406153343157119e-11, -2.8355986311648574e-06], [-2.4061524742521927e-11, 58.54368139870053, -8.609061777527238e-08], [-2.8355986311492906e-06, -8.609061794354056e-08, 58.54888496417189]]], "I_approximate": [[[58.37857168825593, -3.526021204641676e-14, 0.23332649835737687], [-6.160741198107937e-14, 58.12506174889348, -1.1668803427241563e-13], [0.23332649835737546, -1.2214258425142263e-13, 57.71407348928481]], [[58.35592418140791, -0.0001556688670488999, 0.2008092613586006], [-0.00015457885192596927, 58.123381536897156, -0.0002273069612394523], [0.20080926135859958, -0.00022656122321264058, 57.748835455598744]], [[58.321741183433964, -8.017465088498642e-05, 0.16796700667616934], [-7.865340694665421e-05, 58.11976251629867, -0.00011551916105095689], [0.16796700667616976, -0.00011445693233906458, 57.7935838454161]], [[58.286771376994565, -7.520801899135362e-05, 0.1473202202785236], [-7.501900750694088e-05, 58.11875661417127, -0.00010794961634064326], [0.14732022027852335, -0.00010781838144181026, 57.83839460222863]], [[58.25069001169202, -0.00010061883897916653, 0.13301101652657732], [-0.00010045084074338706, 58.121457295066925, -0.00014928848506114432], [0.1330110165265785, -0.0001491753412114017, 57.88764346794639]], [[58.2117153506863, -0.00010435632495100985, 0.12160527960961863], [-0.00010400621946723832, 58.12556032507816, -0.00016432531610689077], [0.12160527960961945, -0.00016410357165372473, 57.939981672163576]], [[58.16850149024233, -6.083124347824982e-05, 0.1101425292671354], [-6.035542070478882e-05, 58.12965687240285, -0.00010797498929547496], [0.11014252926713544, -0.00010770560514632223, 57.994807537443286]], [[58.12086890169473, -6.671040205051653e-05, 0.09398826696242543], [-6.755010007856883e-05, 58.13358523610375, -0.00014546830882665478], [0.09398826696242499, -0.0001458504061250852, 58.05246735393888]], [[58.07061988253941, -6.59956759561088e-05, 0.06170409739399695], [-6.532812369117149e-05, 58.13603893341134, -0.00024405017366583429], [0.06170409739399803, -0.0002438693448161183, 58.108828414647974]], [[58.043204126403865, 4.702467435327995e-12, -2.7177375627966742e-06], [4.720116422019277e-12, 58.136713641728576, -1.308388298785932e-07], [-2.7177375629248693e-06, -1.3083882568123292e-07, 58.13798375665603]]], "J_Hartree": [[[70.55598973791047, -3.262863653335994e-14, 0.2601940921496314], [-5.900879621406611e-14, 70.31331021597087, -1.153071943855381e-13], [0.26019409214962996, -1.207617443645451e-13, 69.8807385460279]], [[70.530701711447, -0.00015566888285844976, 0.22711772455359158], [-0.00015457886773550871, 70.30437079875094, -0.00022730693948977732], [0.22711772455359056, -0.00022656120146302805, 69.90546561761148]], [[70.49275120474395, -8.017468500337943e-05, 0.19331570304706988], [-7.865344106499084e-05, 70.29313985351777, -0.00011551920393607596], [0.1933157030470703, -0.00011445697522418886, 69.94062388617714]], [[70.45394522862875, -7.520808569514411e-05, 0.1717206864808499], [-7.501907421073484e-05, 70.28773668743288, -0.00010794967598572813], [0.17172068648084962, -0.00010781844108686478, 69.98155808425643]], [[70.41371946494736, -0.00010061888695279073, 0.15647623007301398], [-0.0001004508887170182, 70.28806121169832, -0.00014928853551634164], [0.15647623007301514, -0.00014917539166659727, 70.03084013768756]], [[70.37006529294464, -0.000104356397698606, 0.1440140915641686], [-0.00010400629221484574, 70.29093475169817, -0.000164325398392857], [0.14401409156416942, -0.0001641036539397248, 70.08579911325839]], [[70.32137766832922, -6.0831260027177844e-05, 0.13106260839848333], [-6.035543725371511e-05, 70.29442930379156, -0.00010797498311139263], [0.13106260839848335, -0.00010770559896215533, 70.14515293840793]], [[70.26715413496149, -6.671041638697129e-05, 0.11218388647064625], [-6.75501144150404e-05, 70.29809208296942, -0.00014546832370147144], [0.11218388647064582, -0.00014585042099985544, 70.20903567389402]], [[70.20938659399042, -6.599568217832241e-05, 0.07380711250105397], [-6.53281299133754e-05, 70.30044280120798, -0.00024405015782675066], [0.07380711250105505, -0.00024386932897697667, 70.2728008795233]], [[70.17761259518339, -2.4011300929723095e-11, -2.826605091487018e-06], [-2.399365626840556e-11, 70.30109536838447, -1.2613355744996425e-07], [-2.826605091614454e-06, -1.261335532490261e-07, 70.30629953950455]]],