{"torsion_angle": [90.0, 90.0, 90.0, 90.0, 90.0, 90.0, 90.0, 90.0, 90.0, 90.0, 90.0, 90.0, 90.0], "pyramidalization_angle": [59.99999999999999, 70.0, 80.0, 90.0, 100.0, 110.0, 119.99999999999999, 130.0, 140.0, 150.00000000000003, 160.0, 170.0, 180.0], "eigenenergies": [[-77.74811986206575, -77.73965495814056, -77.55088620952668], [-77.76857575202632, -77.76425013711996, -77.56564174465353], [-77.79817417897871, -77.77684200406316, -77.58772667585642], [-77.82580329400776, -77.78622805732077, -77.61528191781154], [-77.84971702606295, -77.79264229563967, -77.64551295067038], [-77.86925904394423, -77.79630350455278, -77.67574702900485], [-77.88448213021466, -77.79758300159213, -77.70399725590562], [-77.89579947106188, -77.79702114689582, -77.72899954791953], [-77.90379616642889, -77.79528565320678, -77.7499961334617], [-77.90911278727974, -77.79310187762053, -77.76653259358355], [-77.91237282570458, -77.7912267267613, -77.77825387647144], [-77.91409654967067, -77.79063512368516, -77.78457176356423], [-77.9146308283388, -77.79114340866622, -77.78593984324905]], "I_exact": [[[59.50118576960034, 8.925152283900673e-16, -0.015458111192316494], [5.776629175002768e-16, 59.69664286524247, -1.4020902494582543e-15], [-0.015458111192316486, -1.2672154992010576e-15, 60.07240380557403]], [[59.52190664028734, -9.687996932461473e-15, -2.6385144069607236e-15], [-9.785141447116175e-15, 59.33994786579626, -0.01381057461670452], [-2.71657696337968e-15, -0.013810574616704797, 59.91112503705688]], [[59.34763003564143, -5.863365348801608e-16, 5.186823193170653e-16], [-6.774095173689432e-16, 59.19793047091605, -0.01174311152534073], [5.234528088760015e-16, -0.01174311152534064, 59.72910927840411]], [[59.1783209902847, 1.5877056613877727e-15, 2.248635305734936e-15], [1.4502288259166107e-15, 59.07436629712535, -0.009510839622194792], [2.2928707543723448e-15, -0.009510839622194891, 59.532372296327395]], [[59.01994068528535, 3.1008182133085427e-16, -1.9081958235744878e-17], [-5.204170427930421e-18, 58.96538492142864, -0.0075279528269464515], [9.974659986866641e-17, -0.0075279528269464975, 59.33577525495875]], [[58.877407950843576, 7.257649342617967e-16, 1.1008988859417812e-15], [6.574601973952099e-16, 58.8686096185327, -0.005961573449052673], [1.0323773086406973e-15, -0.005961573449052657, 59.15267383748517]], [[58.753638514671536, -1.3194740439148589e-15, -1.427026899425421e-15], [-1.3203414056528473e-15, 58.783784611417815, -0.004779837882965167], [-1.5187504032176946e-15, -0.00477983788296514, 58.99087642085601]], [[58.64967651004119, 2.4205897702911372e-15, 2.9342847596147692e-15], [2.5695591487906455e-15, 58.711309907776155, -0.0038975867709732668], [2.8618600544927375e-15, -0.0038975867709731297, 58.853621359614436]], [[58.565708354853314, 7.625193879090553e-16, 8.714817062438485e-16], [5.422095064600008e-16, 58.651769799442036, -0.0032371404243254835], [9.237402509576498e-16, -0.0032371404243253764, 58.74195745645301]], [[58.50133548049723, 7.058156142880634e-17, 1.7715863498413142e-16], [7.068998164605489e-17, 58.605436925427085, -0.002732334373895929], [7.155734338404329e-17, -0.00273233437389621, 58.65582513892349]], [[58.455996639026864, 6.939978106079714e-16, 1.2368578383714635e-15], [7.402390332644782e-16, 58.57237735124801, -0.0022519890463493135], [1.3375802201953668e-15, -0.0022519890463495295, 58.59488097498155]], [[58.429134114690385, 1.733503748532761e-16, 4.873488765322342e-16], [1.3583697968527764e-16, 58.55197246891177, -0.0011125228493847252], [5.025819170556556e-16, -0.0011125228493847304, 58.55928197256125]], [[58.42019418866951, -1.0745201365796941e-10, 2.8534647858702843e-06], [-1.0745199766370435e-10, 58.5436816083168, 3.8173193381285664e-07], [2.8534647858728326e-06, 3.817319325014057e-07, 58.54888517379419]]], "I_approximate": [[[59.08007462892636, 2.20783206572635e-14, -0.018028082313503686], [1.5750104978298735e-14, 59.277774162140986, 2.3288451277328736e-14], [-0.018028082313504862, 2.206112672653622e-14, 59.60968858665989]], [[59.11010457367809, 1.445137020937398e-14, 2.4058926511530384e-14], [1.2098483505928882e-14, 58.92311318143725, -0.01615141789615301], [2.4817600134422622e-14, -0.01615141789615414, 59.45360586168812]], [[58.94266382252377, 3.549327129609621e-14, 4.56117694976334e-14], [3.692234939913361e-14, 58.78347869320765, -0.013923259909180271], [4.346169486033797e-14, -0.013923259909179638, 59.27835513591264]], [[58.77979532868875, 5.414965889252634e-14, 5.3376314960805184e-14], [4.766977716957096e-14, 58.661405505658976, -0.011570465490153137], [5.308175852671933e-14, -0.01157046549015282, 59.08930827153905]], [[58.62819067188466, 5.2417943125544995e-14, 5.415016156149919e-14], [4.9125103321929686e-14, 58.55487767875622, -0.009479897356632665], [5.457183045236836e-14, -0.0094798973566322, 58.901207503402986]], [[58.49204748846065, 4.9201556630009643e-14, 6.076012631396621e-14], [4.9684597697356645e-14, 58.46132808564094, -0.00779915306245463], [6.100226798448932e-14, -0.007799153062455226, 58.72605705972444]], [[58.37229020070572, 4.713849720617333e-14, 5.495652877459317e-14], [4.945852390527092e-14, 58.37817406972722, -0.0065066028440202905], [5.240425675555103e-14, -0.006506602844021611, 58.569762794987454]], [[58.27003219364238, 4.621592425941632e-14, 5.0051142416073345e-14], [4.493305574118602e-14, 58.30519592970973, -0.005555734038322913], [5.2182503541126795e-14, -0.005555734038319861, 58.43607543062728]], [[58.18743039284084, 3.5482481019274957e-14, 4.4649672041256163e-14], [3.6062857969924965e-14, 58.245086421323506, -0.0048587147155818786], [4.581815124906256e-14, -0.004858714715581776, 58.32768197918866]], [[58.124177766183315, 2.5693588159446838e-14, 3.376397693368122e-14], [2.7812081179701613e-14, 58.198719305713205, -0.004265857996016448], [3.396333524424888e-14, -0.004265857996015971, 58.24396256900382]], [[58.07915350012118, 1.5191740291273168e-14, 2.80647315240693e-14], [1.563283405524191e-14, 58.16544888303116, -0.0035558888005994614], [3.0450601710396733e-14, -0.003555888800623841, 58.18404409131727]], [[58.0521934689585, 4.115480879203975e-15, 1.4672750886943957e-14], [3.97664845590566e-15, 58.14497149542981, -0.0017529638233901945], [1.7140747635144846e-14, -0.001752963823393344, 58.14846237986384]], [[58.043204329095786, 1.8727149541472195e-11, 2.7358039930940517e-06], [1.880395635822893e-11, 58.13671385109734, 5.80476297613354e-07], [2.735803992750509e-06, 5.80476280100417e-07, 58.13798396612833]]],