{"bond_length": [1.0, 1.25, 1.564, 1.75, 2.0, 3.0, 4.0, 5.0, 5.5, 6.0, 6.5, 6.6, 6.7, 6.8, 6.9, 7.0, 8.0], "eigenenergies": [[-106.83291720213901, -106.57342242174295], [-107.08683841620373, -106.80527639279171], [-107.1424847548295, -106.8838386420243], [-107.13625501655171, -106.89793851641019], [-107.11623931952313, -106.90623698216531], [-107.03635008660328, -106.91889473156203], [-106.98822680618272, -106.92622898809475], [-106.95938419027307, -106.9291015883123], [-106.94913603725968, -106.92964576413803], [-106.94074714671787, -106.92989945441234], [-106.93388228542928, -106.92986999301931], [-106.9327372075703, -106.92976178448754], [-106.93176430137865, -106.92951892082517], [-106.93109286965546, -106.92901031980466], [-106.93075548630907, -106.92820245850908], [-106.93059911549761, -106.92724662392142], [-106.93039088427905, -106.91787975186153]], "W_exact": [[[57.40688933864067, -0.3322687966805878], [-0.3322687966805876, 53.759738211227415]], [[55.04523589080833, -0.03896332732465137], [-0.03896332732464969, 51.528593792015954]], [[52.99806941775586, 0.14187169368817842], [0.14187169368817842, 49.70067303328517]], [[52.114753136279546, 0.21566785514853826], [0.21566785514853937, 48.939246646791105]], [[51.18097870170331, 0.293166276418767], [0.29316627641876725, 48.15914236804204]], [[49.08857416585414, 0.5197000188732941], [0.5197000188732966, 46.412766302497346]], [[48.15586946911651, 0.5938018747323696], [0.5938018747323701, 45.44784332578274]], [[47.65460914210664, 0.5692693809258108], [0.5692693809258101, 44.75792132477358]], [[47.46904653834474, 0.5734165983621571], [0.5734165983621572, 44.50148264119724]], [[47.28401913511186, 0.6520342085283755], [0.6520342085283762, 44.316312625688]], [[46.872668698092184, 1.0953211011993274], [1.0953211011993285, 44.41353393307614]], [[46.57889114220151, 1.3403814201439277], [1.3403814201439297, 44.650025643348954]], [[45.9692893460612, 1.6111063491315227], [1.6111063491315238, 45.20418273317512]], [[45.033932771044135, 1.5753561072957896], [1.5753561072957911, 46.086460371573196]], [[44.34351546966593, 1.1628317562974047], [1.1628317562974024, 46.72250606692097]], [[44.04542649169275, 0.8020393077512662], [0.8020393077512664, 46.9697598209616]], [[43.58542778070739, 0.07798048652083278], [0.07798048652083286, 46.99344438948884]]], "W_approximate": [[[57.38951723995278, -0.3340546065936011], [-0.3340546065935986, 53.766025651970736]], [[55.04583956730254, -0.042658082961463575], [-0.042658082961461966, 51.55223346549117]], [[53.00675913674185, 0.1363479904684295], [0.1363479904684297, 49.73163370909293]], [[52.125686287349644, 0.20921975015917468], [0.20921975015917219, 48.97199277650037]], [[51.19352858489287, 0.2856251472899588], [0.2856251472899592, 48.19293022521634]], [[49.103716723564354, 0.5089527837473083], [0.5089527837473075, 46.44666276571593]], [[48.171125418383944, 0.5838304409320979], [0.5838304409320969, 45.48327479707946]], [[47.66946263216382, 0.5616385869870606], [0.5616385869870606, 44.7952175632873]], [[47.48386115885425, 0.5666462766449514], [0.5666462766449518, 44.53927234568594]], [[47.29912350450554, 0.6453681825988312], [0.6453681825988312, 44.35413070909003]], [[46.89022398751232, 1.085870970266212], [1.0858709702662122, 44.44911710603202]], [[46.59867623278611, 1.329250822963485], [1.3292508229634852, 44.68340660252975]], [[45.99377330212683, 1.5982528819173434], [1.5982528819173436, 45.23290026087845]], [[45.065476867188565, 1.5633098114914725], [1.5633098114914699, 46.10818042849612]], [[44.37994035000877, 1.1543136147052557], [1.1543136147052553, 46.739278257271785]], [[44.08375815118957, 0.7964320793955348], [0.7964320793955348, 46.98465153355607]], [[43.62507591323102, 0.07770836754629086], [0.07770836754629105, 47.007302562400504]]], "J_Hartree": [[[69.87005676571628, -0.3799978201021294], [-0.37999782010212685, 65.87075007212982]], [[67.38206916409275, -0.053400428280560054], [-0.05340042828055843, 63.5464306057123]], [[65.24319656904069, 0.14674698710757558], [0.1467469871075758, 61.66793454150331]], [[64.3278725838811, 0.22795844056287687], [0.22795844056287437, 60.89513649560919]], [[63.364734814114165, 0.3127040177570515], [0.31270401775705187, 60.109709894962926]], [[61.230343473492695, 0.5577605168840923], [0.5577605168840915, 58.367068599332185]], [[60.29327934112805, 0.6362638525828129], [0.6362638525828119, 57.402510919711894]], [[59.79517234079288, 0.6083935030060483], [0.6083935030060483, 56.70925562835833]], [[59.61071400099912, 0.611940821476343], [0.6119408214763434, 56.45201473181255]], [[59.42466608463184, 0.6947548524591501], [0.6947548524591501, 56.26829450517822]], [[58.99624269615857, 1.165120371871876], [1.1651203718718761, 56.38303230202722]], [[58.68553441429178, 1.4252878638988227], [1.425287863898823, 56.636516724542545]], [[58.03919418191406, 1.7125460560508214], [1.7125460560508217, 57.22750549402531]], [[57.04694304034902, 1.673967238759398], [1.6739672387593953, 58.166887389508105]], [[56.31524352842558, 1.2350722589733798], [1.2350722589733794, 58.843974156708335]], [[56.00048544138465, 0.8515454959919209], [0.8515454959919209, 59.10797451897168]], [[55.527880147534596, 0.08245444982311877], [0.08245444982311895, 59.145333069393544]]], "K_LDA": [[[11.081130228918918, -0.04327807480901963], [-0.04327807480901957, 10.73130006005906]], [[10.94280924926113, -0.010193185014270497], [-0.010193185014270483, 10.625928407506663]], [[10.8478454569866, 0.009571996678449409], [0.009571996678449424, 10.571086589370903]], [[10.815492845880055, 0.01734391254319277], [0.01734391254319277, 10.558736116896199]], [[10.786417608159507, 0.025099059791013095], [0.025099059791013102, 10.552837332881865]], [[10.745094434572565, 0.04515764532236943], [0.0451576453223694, 10.556386212710311]], [[10.741190961628401, 0.04830824302394676], [0.04830824302394677, 10.555350197827174]], [[10.744609563566215, 0.042915891822708246], [0.042915891822708274, 10.550600085800895]], [[10.74570192189029, 0.04152399054450863], [0.0415239905445086, 10.549426007681191]], [[10.744528640950348, 0.04524705308710639], [0.04524705308710639, 10.5507402370645]], [[10.726655708211311, 0.07261596353273106], [0.07261596353273111, 10.568844758674668]], [[10.709099378820653, 0.08801000147843159], [0.08801000147843156, 10.586435220376046]], [[10.67112351655169, 0.10475790757700115], [0.10475790757700118, 10.624466803689916]], [[10.6124996955423, 0.10144626748116693], [0.10144626748116692, 10.683227359018538]], [[10.570176293689595, 0.07405536509906972], [0.07405536509906974, 10.725394537743622]], [[10.553141002373549, 0.05055367440439899], [0.050553674404398966, 10.742478414453544]], [[10.540367752222007, 0.004378598033670615], [0.004378598033670612, 10.755977311655101]]],