{"bond_length": [1.0, 1.25, 1.564, 1.75, 2.0, 3.0, 4.0, 5.0, 5.5, 6.0, 6.5, 6.6, 6.7, 6.8, 6.9, 7.0, 8.0], "eigenenergies": [[-106.8329169434498, -106.57342270711928], [-107.08683799386176, -106.80527686972853], [-107.14248534149964, -106.88383830094776], [-107.13625463475043, -106.89793890968855], [-107.11623927362436, -106.90623702687279], [-107.03635008660333, -106.91889473156216], [-106.98822662276446, -106.92622914510014], [-106.95938363521856, -106.92910226129584], [-106.94913642024396, -106.9296452725369], [-106.94074712005417, -106.92989949774825], [-106.93388238520424, -106.92986990428234], [-106.93273718478592, -106.9297618149406], [-106.93176428144969, -106.92951898858641], [-106.93109264325594, -106.92901033978092], [-106.9307556797501, -106.92820224076172], [-106.93059926893277, -106.92724644198975], [-106.93039085587537, -106.9178797840463]], "W_exact": [[[57.406879632464324, 0.3322562797088], [0.3322562797087996, 53.759757920801235]], [[55.045265047718885, 0.03897058269555387], [0.038970582695553646, 51.52866972385863]], [[52.99813632035102, -0.1418913201863744], [-0.14189132018637318, 49.70067883424022]], [[52.11476204179618, -0.21566212959218273], [-0.2156621295921837, 48.93929735297172]], [[51.180930403252376, -0.29314970898005444], [-0.2931497089800534, 48.15916019246242]], [[49.08857416586466, -0.5197000188827766], [-0.5197000188827771, 46.41276630247697]], [[48.1558686657593, -0.5937950532034114], [-0.5937950532034099, 45.44783910555441]], [[47.65446353902678, -0.5692326196357578], [-0.5692326196357578, 44.75792573728609]], [[47.46918027381736, -0.5734187561380484], [-0.5734187561380493, 44.50148429119153]], [[47.28399240698823, -0.6520541449450123], [-0.6520541449450126, 44.31629522279013]], [[46.872673480217316, -1.0952443733215154], [-1.0952443733215147, 44.41346216893908]], [[46.578861120014494, -1.340324893383967], [-1.3403248933839695, 44.64997431292494]], [[45.96925254091508, -1.6111304386587686], [-1.6111304386587721, 45.20421754993055]], [[45.03466220528537, -1.5757348056768001], [-1.5757348056767992, 46.085945853732625]], [[44.34334306053927, -1.1626533795935006], [-1.1626533795935037, 46.72265840605405]], [[44.04535155328466, -0.8019304561716329], [-0.8019304561716336, 46.96979429939748]], [[43.585403146401006, -0.0779929650431047], [-0.07799296504310466, 46.99347006976669]]], "W_approximate": [[[56.938890785103794, 0.33651672893997137], [0.33651672893996976, 53.314931343381815]], [[54.587042141180696, 0.04316251821234541], [0.043162518212344694, 51.08848274921193]], [[52.54035434497844, -0.13752931609675692], [-0.13752931609675717, 49.25813001864163]], [[51.656049749631386, -0.21121628652579508], [-0.21121628652579547, 48.494962210343104]], [[50.72079868923404, -0.2885462814231959], [-0.2885462814231975, 47.7128621683119]], [[48.624860636592324, -0.5149780929803586], [-0.5149780929803595, 45.962145734594934]], [[47.690597888979795, -0.5912570648540868], [-0.5912570648540876, 44.99547241494278]], [[47.18958646080246, -0.5683276672429319], [-0.5683276672429317, 44.305520981087206]], [[47.00487630328269, -0.5725342249573707], [-0.5725342249573704, 44.04974928645549]], [[46.82036641267174, -0.6505558083353561], [-0.6505558083353572, 43.86562100804892]], [[46.41051825453574, -1.0913505889167778], [-1.0913505889167767, 43.96307432396191]], [[46.117858499609376, -1.3351161876353759], [-1.3351161876353763, 44.19880863039265]], [[45.51078890003225, -1.6043548792169193], [-1.6043548792169204, 44.7508124313455]], [[44.58040997654386, -1.5685848210156992], [-1.5685848210156992, 45.628676553966386]], [[43.892528087939645, -1.15691347656352], [-1.156913476563519, 46.26229494236468]], [[43.59615107942402, -0.797696859997473], [-0.7976968599974734, 46.508106241553214]], [[43.13913398027823, -0.07727910265237732], [-0.07727910265237736, 46.53104296534208]]], "J_Hartree": [[[69.87004475483232, 0.37998410209300204], [0.37998410209300054, 65.87077083354242]], [[67.38209977027414, 0.05340582323813731], [0.053405823238136585, 63.54650702004336]], [[65.24327565352058, -0.14676614444005034], [-0.14676614444005062, 61.667946657600176]], [[64.327883392997, -0.2279513669899046], [-0.22795136698990495, 60.895195706801665]], [[63.36468040971779, -0.3126854130541706], [-0.3126854130541722, 60.109728407728596]], [[61.23034347350313, -0.5577605168941897], [-0.5577605168941906, 58.367068599311004]], [[60.29327845365805, -0.6362559539914108], [-0.6362559539914115, 57.402508825963125]], [[59.795008962959905, -0.6083528909593308], [-0.6083528909593305, 56.709256198098075]], [[59.61086628563878, -0.6119420396419147], [-0.6119420396419144, 56.452018601057596]], [[59.42463568605987, -0.6947765020641293], [-0.6947765020641304, 56.26827327309918]], [[58.99624405100294, -1.1650383338630426], [-1.1650383338630415, 56.38295404246756]], [[58.68549874842532, -1.4252243515986687], [-1.4252243515986691, 56.63646267089314]], [[58.039154157723644, -1.7125726717854035], [-1.7125726717854046, 57.227543886242216]], [[57.04772571562168, -1.6743781287529864], [-1.6743781287529864, 58.166353831635234]], [[56.31506103949513, -1.2348830125219759], [-1.234883012521975, 58.8441340002697]], [[56.00040727668449, -0.8514300651444878], [-0.8514300651444883, 59.108009093922156]], [[55.52785372631801, -0.08246774657240605], [-0.08246774657240609, 59.14536177844473]]], "K_GGA": [[[12.252446431405673, 0.04080230910432799], [0.040802309104328055, 11.903116762240645]], [[12.122339035509878, 0.009694198054417761], [0.009694198054417756, 11.810457532839138]], [[12.035030440625405, -0.008409668721891174], [-0.008409668721891203, 11.765303814298516]], [[12.005842009786283, -0.015340388336136424], [-0.015340388336136417, 11.756527153894801]], [[11.979795360223044, -0.02215952145146989], [-0.022159521451469873, 11.753625733931008]], [[11.9446522562543, -0.03913233609931103], [-0.03913233609931104, 11.761604978509585]], [[11.942419432674471, -0.04087377978900463], [-0.04087377978900464, 11.763852057374747]], [[11.945025638458302, -0.03618652851194043], [-0.03618652851194043, 11.76099898963717]], [[11.945539548687304, -0.035637151234963846], [-0.035637151234963804, 11.75965490335998]], [[11.943957439114508, -0.04008089404881644], [-0.04008089404881644, 11.75993059546016]], [[11.927064611966593, -0.06705488135432762], [-0.06705488135432766, 11.775511432561299]], [[11.910583598277938, -0.082081718031463], [-0.082081718031463, 11.791681127728317]], [[11.874769981505812, -0.09868237454547082], [-0.09868237454547077, 11.827294240775831]], [[11.819046610513197, -0.09657909726666901], [-0.09657909726666891, 11.882901684591962]], [[11.778108671890823, -0.07126749855836532], [-0.07126749855836552, 11.92323860224898]], [[11.761371849298419, -0.04917419242699996], [-0.049174192426999976, 11.939760035711998]], [[11.746985133767357, -0.004821091364447817], [-0.00482109136444782, 11.952967163161762]]],