{"bond_length": [1.0, 1.25, 1.564, 1.75, 2.0, 3.0, 4.0, 5.0, 5.5, 6.0, 6.5, 6.6, 6.7, 6.8, 6.9, 7.0, 8.0], "eigenenergies": [[-106.83291724706153, -106.57342237492266], [-107.08683789278209, -106.80527594618243], [-107.14248277157901, -106.88383910289204], [-107.13625447629556, -106.8979391597854], [-107.1162388418321, -106.90623750073945], [-107.03635008659168, -106.91889473157295], [-106.98822607035241, -106.92622952867258], [-106.95938413771282, -106.92910158938523], [-106.94913610979886, -106.92964565512403], [-106.94074717900199, -106.92989942545165], [-106.93388231050533, -106.92986997921388], [-106.93273730363944, -106.92976168217537], [-106.93176427275746, -106.92951893505906], [-106.93109278203359, -106.92901032140212], [-106.9307554169589, -106.92820251914941], [-106.93059908458117, -106.92724663755935], [-106.93039082298107, -106.9178797908925]], "I_exact": [[[57.40687878890384, -0.33227246311297604], [-0.3322724631129743, 53.75976228395288]], [[55.04530590791276, -0.03897763873833314], [-0.038977638738331474, 51.52867112641741]], [[52.99807525243324, 0.14177532095268394], [0.14177532095268153, 49.700612277754686]], [[52.1146799648273, 0.21563719293584088], [0.2156371929358385, 48.93927444278779]], [[51.18093281059805, 0.2931552437681432], [0.2931552437681429, 48.159180662986074]], [[49.08857416482411, 0.5197000167197509], [0.5197000167197494, 46.412766299262955]], [[48.15569411006044, 0.5936901381138843], [0.5936901381138854, 45.447749414889756]], [[47.65465836112861, 0.5692742182168332], [0.5692742182168341, 44.75788797707281]], [[47.469084522475214, 0.5734110048210891], [0.5734110048210878, 44.501503624636996]], [[47.28400879613338, 0.6520234196453616], [0.6520234196453614, 44.31628089799415]], [[46.872613639954636, 1.0952948681683559], [1.0952948681683565, 44.4135057803864]], [[46.57900767509204, 1.340242578081622], [1.3402425780816205, 44.64985379836756]], [[45.9692310458193, 1.6111281275433045], [1.611128127543307, 45.20424864842738]], [[45.034283749088644, 1.5755491219499507], [1.5755491219499493, 46.086246786217316]], [[44.343575458209045, 1.1629012468859843], [1.162901246885984, 46.72244415097626]], [[44.045421626828045, 0.8020322316881285], [0.8020322316881285, 46.96973985957203]], [[43.585410950823615, 0.07798439058283209], [0.07798439058283202, 46.993507438797565]]], "I_approximate": [[[57.3796275410347, -0.3343064117699984], [-0.3343129552837788, 53.75515066534441]], [[55.03654001951337, -0.04267035101901231], [-0.04267337453222788, 51.542123010315144]], [[53.003607894297375, 0.1362708405773571], [0.13626588751054, 49.728559903677876]], [[52.12210124187495, 0.20915451022994816], [0.2091488234131963, 48.96911393926027]], [[51.19143492501837, 0.285504496936117], [0.2854971050683479, 48.192147200947446]], [[49.108356934761694, 0.508240391362518], [0.5082412259017374, 46.45377915892628]], [[48.172283287811084, 0.58310731919811], [0.5831119164419369, 45.48676412610939]], [[47.66836351548358, 0.5613880908045041], [0.5613914394407066, 44.79505779648157]], [[47.48393647466621, 0.5666581356938619], [0.5666590513483823, 44.539219507968404]], [[47.29908709716597, 0.6452929328617271], [0.6452943307244599, 44.354392823197195]], [[46.88564156547522, 1.085476620800333], [1.0854776866432603, 44.44535991202977]], [[46.59512955210071, 1.3285837114742127], [1.3285850347315222, 44.68032264584056]], [[45.99210698056767, 1.5978503422844939], [1.5978514403053774, 45.23156008441077]], [[45.06592203784409, 1.5634642856606575], [1.563464865575927, 46.108057845195155]], [[44.380505705377495, 1.154614641044605], [1.1546146873850125, 46.740219735745356]], [[44.083676254203965, 0.7967025006762174], [0.7967021705244688, 46.98559345343887]], [[43.625536268816965, 0.07774451518799325], [0.07774424544260661, 47.00942904859047]]], "J_Hartree": [[[69.86016599447795, -0.38025049603171246], [-0.3802570395454929, 65.85987509322086]], [[67.37277403741041, -0.053413044625385236], [-0.053416068138600815, 63.53631990671323]], [[65.24005365675609, 0.14666822902762305], [0.14666327596080594, 61.664853685518885]], [[64.32427781396885, 0.2278880244299797], [0.22788233761322785, 60.89226001713702]], [[63.362635112378314, 0.3125818514809236], [0.3125744596131545, 60.10892344945383]], [[61.23498368451532, 0.5570481242500983], [0.5570489587893177, 58.374184992285265]], [[60.29441568307507, 0.6355271611230098], [0.6355317583668367, 57.4059948669675]], [[59.79407909574298, 0.6081436727508117], [0.6081470213870143, 56.70909298076906]], [[59.610794619276255, 0.6119513162070124], [0.6119522318615328, 56.45196354359191]], [[59.4246277276084, 0.6946787428530715], [0.6946801407158042, 56.268554806890066]], [[58.99165260951544, 1.1647240862497525], [1.1647251520926798, 56.37927246163967]], [[58.68199467109214, 1.4246098291880864], [1.424611152445396, 56.633419980033274]], [[58.03752392997607, 1.7121448192888786], [1.7121459173097622, 57.22617077358409]], [[57.047415841283446, 1.6741405882730187], [1.674141168188288, 58.166753091700905]], [[56.31581164932349, 1.2353785603256882], [1.235378606666096, 58.84491164337076]], [[56.0004026662011, 0.8518151074747778], [0.8518147773230292, 59.10891363903328]], [[55.528337231293605, 0.08249065863493454], [0.08249038888954792, 59.14746752745263]]], "K_LSDA": [[[11.081129195101214, -0.0432789173461853], [-0.04327891734618531, 10.731300246386812]], [[10.942813503397987, -0.010193589425632879], [-0.010193589425632886, 10.62592863875827]], [[10.847853476680735, 0.00957094499288019], [0.009570944992880186, 10.571080002067985]], [[10.815483917959376, 0.017339118088095826], [0.017339118088095826, 10.558738723462533]], [[10.786412209962087, 0.025097664531570252], [0.025097664531570266, 10.552834477964563]], [[10.745094434401302, 0.045157645079007304], [0.04515764507900728, 10.556386212467515]], [[10.741171398745795, 0.048295895117656376], [0.04829589511765639, 10.555345020710957]], [[10.744614808994426, 0.042916486490905445], [0.04291648649090547, 10.5505971873392]], [[10.74570701043434, 0.0415226133541604], [0.04152261335416038, 10.549427710329432]], [[10.74452678626503, 0.045246267277325905], [0.04524626727732589, 10.550738444147065]], [[10.726648542119403, 0.07261432877370513], [0.0726143287737051, 10.568842256123787]], [[10.709105748429984, 0.08800002190344824], [0.08800002190344827, 10.586423568060031]], [[10.671119791705738, 0.10475908378921117], [0.10475908378921117, 10.624471793895]], [[10.612525139739585, 0.10146361537790136], [0.10146361537790134, 10.683216606852268]], [[10.570178855273419, 0.07406027400686399], [0.07406027400686399, 10.7253908410367]], [[10.553140166980178, 0.050552947671913914], [0.05055294767191393, 10.742475820736306]], [[10.54036489766315, 0.004378732737755232], [0.004378732737755239, 10.755984730237547]]],