{"bond_length": [2.0, 2.2, 2.4, 2.45, 2.5, 2.6, 2.8, 3.0, 4.0, 5.0, 6.0, 7.0, 8.0], "eigenenergies": [[-29.22629428810005, -29.119471519793613], [-29.235562912990144, -29.11307702223005], [-29.23882150817592, -29.107616272572304], [-29.2391476822747, -29.10656673282687], [-29.239341321136468, -29.10557295674514], [-29.239429623852242, -29.103591338297214], [-29.239045905335537, -29.098911854240818], [-29.238590509426594, -29.09292521994441], [-29.237852884078087, -29.058233831929396], [-29.2375281334658, -29.040257621069266], [-29.23735267822628, -29.036924673244066], [-29.237301037079177, -29.036419760182945], [-29.237277264666773, -29.03649616315708]], "W_exact": [[[13.077854402494673, -0.03598423493865076], [-0.035984234938651764, 13.050207604295792]], [[12.705543297449324, -0.04417058890549588], [-0.04417058890549759, 12.642927484944899]], [[12.392199353338924, -0.0376231003116108], [-0.03762310031161027, 12.320820977699526]], [[12.322365425165358, -0.03348988000100292], [-0.03348988000100302, 12.2503961397489]], [[12.255481237961384, -0.028906232228151044], [-0.028906232228146617, 12.182917572408968]], [[12.129953744189493, -0.019185929935138277], [-0.01918592993513614, 12.054929487254206]], [[11.90664761529996, -0.0011635805265004795], [-0.0011635805265055033, 11.821881259197326]], [[11.713801961558794, 0.012425669019077712], [0.01242566901907799, 11.6128809195136]], [[11.029937867360609, 0.018183560018086922], [0.0181835600180872, 10.861734184892072]], [[10.612722888275592, -0.013996624804424675], [-0.01399662480442481, 10.451059643012329]], [[10.332190683341636, -0.049715482928198634], [-0.04971548292819775, 10.162772562765056]], [[10.13235017785049, -0.0038204308069264446], [-0.0038204308069264684, 9.979003270365368]], [[9.981262277199065, -7.558409973240678e-05], [-7.558409973240686e-05, 9.823235361292632]]], "W_approximate": [[[13.486425525398392, -0.035073361104880095], [-0.035073361104881046, 13.435768792781946]], [[13.113743908760972, -0.044869436724782004], [-0.04486943672478144, 13.037465313965175]], [[12.801671893579101, -0.038515883581714434], [-0.03851588358171308, 12.726190155472457]], [[12.7322926236339, -0.03393307866746462], [-0.033933078667463534, 12.657838845440683]], [[12.66586661667431, -0.02877903154173157], [-0.028779031541732385, 12.592029775406198]], [[12.541210975328031, -0.017729095818976772], [-0.017729095818975516, 12.466305369641187]], [[12.319536010178494, 0.002849573161154929], [0.002849573161154119, 12.234831354110595]], [[12.128282043395268, 0.01824146720607223], [0.018241467206071976, 12.025118946795018]], [[11.449296603148309, 0.02383603625635669], [0.023836036256356215, 11.26904493892638]], [[11.033936602119217, -0.012153339229326236], [-0.012153339229326153, 10.869668540554468]], [[10.760395227840242, -0.049577784525508026], [-0.04957778452550736, 10.570027173555113]], [[10.551319094895296, -0.003811931582752719], [-0.0038119315827527312, 10.41538257419258]], [[10.40010574349337, -7.221117947304613e-05], [-7.22111794730453e-05, 10.260132606880681]]], "J_Hartree": [[[18.654820871763803, -0.04437816052333187], [-0.044378160523332814, 18.56011299904926]], [[18.25875544055752, -0.05434699648410192], [-0.05434699648410135, 18.14059327494383]], [[17.929998275804845, -0.04512367174726575], [-0.0451236717472644, 17.827317583617024]], [[17.857213490308602, -0.039162117216192165], [-0.03916211721619109, 17.75877266465218]], [[17.78759369500616, -0.03252113114598509], [-0.03252113114598594, 17.692255819238575]], [[17.657154575380034, -0.01842120285551888], [-0.018421202855517654, 17.56353254026703]], [[17.42605002639137, 0.007570060423336346], [0.007570060423335541, 17.322502940240106]], [[17.22781604430389, 0.02698345218218526], [0.026983452182185, 17.10164769999488]], [[16.532909495157178, 0.03656099058403643], [0.03656099058403595, 16.30755373678984]], [[16.1150568406257, -0.006397119449713293], [-0.006397119449713196, 15.909198165720872]], [[15.846323013960166, -0.04850640368325418], [-0.04850640368325347, 15.604672079498084]], [[15.630664185209534, -0.00368999457211013], [-0.003689994572110143, 15.468315887977854]], [[15.479362194890404, -5.896126928208121e-05], [-5.896126928208066e-05, 15.313279940908343]]], "K_LDA": [[[4.7201359896572015, -0.008478287390802555], [-0.008478287390802544, 4.67912814676235]], [[4.698577213668068, -0.00839963376618844], [-0.008399633766188429, 4.659665594814073]], [[4.683306010921403, -0.005566877799139884], [-0.005566877799139882, 4.657782942066943]], [[4.680205269307985, -0.004275541859286377], [-0.004275541859286378, 4.657587453525772]], [[4.677303478275228, -0.0028936860201669123], [-0.0028936860201669475, 4.6569242335056025]], [[4.672065123281132, -8.198372726732227e-05], [-8.19837272673502e-05, 4.6541552067937015]], [[4.663578453886361, 0.004853624527980301], [0.004853624527980305, 4.645399559319451]], [[4.65733547618718, 0.008470727318957446], [0.008470727318957434, 4.635258276833264]], [[4.6432619183298005, 0.011772876235445519], [0.011772876235445515, 4.60116966360267]], [[4.641175833388264, 0.005276386848468426], [0.005276386848468439, 4.602522263372814]], [[4.64557784025147, 0.0010090870819269315], [0.0010090870819269696, 4.5986295409446525]], [[4.639665677871555, 0.00010999438197030696], [0.00010999438197030569, 4.614659979283495]], [[4.639588780123585, 1.1821161629897133e-05], [1.1821161629896855e-05, 4.614863103262296]]], "C_LDA": [[[-0.44825935670820927, 0.0008265120276492249], [0.0008265120276492216, -0.4452160595049637]], [[-0.4464343181284778, 0.00107792599313148], [0.0010779259931314813, -0.44346236616458107]], [[-0.445020371304342, 0.0010409103664114345], [0.001040910366411436, -0.44334448607762394]], [[-0.44471559736671784, 0.000953496689441172], [0.0009534966894411731, -0.44334636568572705]], [[-0.4444236000566215, 0.0008484135840866056], [0.0008484135840866072, -0.44330181032677507]], [[-0.4438784767708695, 0.000610123309274782], [0.0006101233092747872, -0.44307196383214187]], [[-0.44293556232651493, 0.00013313726579888396], [0.00013313726579888312, -0.442272026810061]], [[-0.4421985247214416, -0.000271257657155589], [-0.00027125765715558966, -0.44127047636659866]], [[-0.44035097367906795, -0.0009520780922342225], [-0.0009520780922342236, -0.4373391342607894]], [[-0.4399444051182209, -0.0004798329311445161], [-0.00047983293114451666, -0.4370073617935899]], [[-0.44034994586845433, -6.229376032691718e-05], [-6.229376032691808e-05, -0.4360153649983174]], [[-0.4396794124426824, -1.1942628672282352e-05], [-1.1942628672282593e-05, -0.4382733345017781]], [[-0.4396676712734488, -1.4287485610677887e-06], [-1.4287485610677807e-06, -0.4382842307653645]]], "self_interaction_correction": [-0.0, -0.0, -0.0, -0.0, -0.0, -0.0, -0.0, -0.0, -0.0, -0.0, -0.0, -0.0, -0.0], "T_exact": [[[29.34870651000849, 0.009238746971438554], [0.00923874697143847, 29.089456726509336]], [[29.268916936171834, 0.056717722434891156], [0.05671772243489126, 29.066412257679524]], [[29.22880937551005, 0.10890398414486424], [0.1089039841448644, 29.083784227197658]], [[29.223651517365855, 0.11940351741746658], [0.11940351741746678, 29.08429614467395]], [[29.219816986196648, 0.12817186251126875], [0.1281718625112686, 29.08240256925456]], [[29.215241925573157, 0.14105111146684257], [0.14105111146684277, 29.07229386841633]], [[29.21384404411466, 0.15236579358676533], [0.1523657935867651, 29.041912493611584]], [[29.215942355755878, 0.151122145727017], [0.1511221457270169, 29.01098551869893]], [[29.21741529457664, 0.09006755731905448], [0.09006755731905448, 28.96154413058233]], [[29.21758144663677, 0.03017272451274661], [0.030172724512746593, 29.01886466893383]], [[29.221831079123977, 0.005737010588553772], [0.005737010588553854, 29.05060453922075]], [[29.21916831510833, 0.0004858962015611204], [0.0004858962015611186, 29.05405425294572]], [[29.219096562250723, 5.485923820354848e-05], [5.485923820354819e-05, 29.054138410043265]]],