{"bond_length": [2.0, 2.2, 2.4, 2.45, 2.5, 2.6, 2.8, 3.0, 4.0, 5.0, 6.0, 7.0, 8.0], "eigenenergies": [[-29.22629485868009, -29.11947088489158], [-29.235563549181453, -29.113076615284697], [-29.23882000036564, -29.107618738341746], [-29.23915008826835, -29.10656428643574], [-29.239341239105627, -29.10557304477831], [-29.239430737841424, -29.103590315161632], [-29.239046499829673, -29.098911171038843], [-29.238590086127786, -29.09292471771909], [-29.237852089935085, -29.058234507364812], [-29.23752833046986, -29.04025808376646], [-29.237353156171025, -29.03692283341406], [-29.2373010677843, -29.036419884667847], [-29.237277264668105, -29.03649616315228]], "W_exact": [[[13.077875839272153, 0.035965333967859045], [0.03596533396786184, 13.05027317811603]], [[12.705534553421273, 0.0441641555136564], [0.044164155513656975, 12.642860507649942]], [[12.392195605474527, 0.03764157211576666], [0.03764157211576544, 12.32073625580123]], [[12.322348171699446, 0.03344148707341214], [0.033441487073409285, 12.2503672853736]], [[12.255473782102158, 0.028946906579378498], [0.028946906579378595, 12.18292701999787]], [[12.129943250446495, 0.019157909840218007], [0.01915790984021988, 12.054923736961321]], [[11.906643877086331, 0.0011201500536196507], [0.0011201500536248687, 11.821825425444175]], [[11.713810711564307, -0.012464405646214372], [-0.012464405646214483, 11.612837527495373]], [[11.029928819767562, -0.018164678929807512], [-0.018164678929806014, 10.861675542070493]], [[10.612680306309038, 0.013866772076832113], [0.01386677207683162, 10.450989092860937]], [[10.332168778165368, 0.04956520123078055], [0.0495652012307805, 10.163005445442536]], [[10.132357729011716, 0.004097665626938294], [0.004097665626938304, 9.978964925638635]], [[9.981262276011037, 7.558424648909586e-05], [7.558424648909763e-05, 9.82323536345821]]], "W_approximate": [[[12.806742235966126, 0.03352325968398603], [0.033523259683986825, 12.766768044812736]], [[12.433446202867756, 0.043043767944312444], [0.04304376794431324, 12.365200059260161]], [[12.12043363413593, 0.03677671857642429], [0.03677671857642316, 12.048173798514032]], [[12.050818332928662, 0.03229848862104145], [0.032298488621037125, 11.978683231880991]], [[11.98417492471772, 0.027439271795108716], [0.0274392717951105, 11.911944033164291]], [[11.859096911439869, 0.016807671802945297], [0.01680767180294171, 11.78484643193117]], [[11.636574368383773, -0.002818379375120671], [-0.0028183793751212615, 11.552014748464549]], [[11.44440032948078, -0.017418105092531496], [-0.017418105092533713, 11.341811385421636]], [[10.761069217684334, -0.021906448257247933], [-0.02190644825724822, 10.5839486675478]], [[10.343379475894357, 0.013010098692152779], [0.013010098692152689, 10.179888861527623]], [[10.067926226527897, 0.049945583538933434], [0.04994558353893324, 9.881793839685928]], [[9.860225250553029, 0.004116978105338377], [0.004116978105338391, 9.719791766046992]], [[9.708964868409218, 7.336205813482167e-05], [7.336205813482317e-05, 9.56431219481327]]], "J_Hartree": [[[18.65484524039974, 0.04435532670905953], [0.044355326709060304, 18.560189829087204]], [[18.258747749959873, 0.054343896358952114], [0.05434389635895289, 18.140516027075037]], [[17.929989699189527, 0.045139457911674445], [0.0451394579116733, 17.827224656332813]], [[17.857190918229303, 0.039114498874377], [0.039114498874372655, 17.758734227862423]], [[17.78758239722984, 0.03256885381255242], [0.03256885381255422, 17.692266117698033]], [[17.657151596842667, 0.018385395731923843], [0.01838539573192026, 17.563527658034513]], [[17.426040164473047, -0.007627848543325045], [-0.007627848543325617, 17.32242173011669]], [[17.227826625505575, -0.027029114412742923], [-0.027029114412745168, 17.10158383379064]], [[16.532887837178617, -0.03653757314832789], [-0.036537573148328166, 16.307463600414387]], [[16.11500757029089, 0.006193695464284253], [0.006193695464284163, 15.909055339919323]], [[15.846202767402545, 0.04834792535311206], [0.04834792535311183, 15.605136879586603]], [[15.630701738138484, 0.003965178797427764], [0.003965178797427773, 15.4681975805182]], [[15.479362193441073, 5.8961431738494205e-05], [5.8961431738495574e-05, 15.313279943410423]]], "K_GGA": [[[5.3998432860224375, 0.01000588254571913], [0.010005882545719104, 5.348204587675436]], [[5.3788669727257945, 0.010222035414912114], [0.010222035414912097, 5.331855213761758]], [[5.36453571116282, 0.00732168126525151], [0.007321681265251497, 5.33570751353371]], [[5.3616571848052015, 0.00586263497884311], [0.0058626349788430945, 5.3367060060409965]], [[5.358984131046862, 0.004280486883558707], [0.004280486883558722, 5.33702001400682]], [[5.354175727455729, 0.0009680273139209929], [0.0009680273139209936, 5.335609611872538]], [[5.346530257201934, -0.004941451471817371], [-0.004941451471817351, 5.328136209297639]], [[5.341226914002825, -0.009338927307144442], [-0.009338927307144472, 5.318503679192562]], [[5.331467393878303, -0.013679434279888986], [-0.013679434279888974, 5.2861770158035215]], [[5.3316851554136955, -0.006329645562090298], [-0.006329645562090298, 5.2921619759074705]], [[5.33793172508237, -0.0015346083629035195], [-0.0015346083629035547, 5.287313397196074]], [[5.330795672771007, -0.0001395938236175377], [-0.00013959382361754293, 5.310136727211054]], [[5.330729653774551, -1.2971879441179834e-05], [-1.2971879441180007e-05, 5.310683517812483]]], "C_LDA": [[[-0.44825971841117546, -0.0008261844793543723], [-0.000826184479354373, -0.44521719659903225]], [[-0.44643457436632183, -0.0010780929997275552], [-0.0010780929997275556, -0.44346075405311836]], [[-0.44502035389077754, -0.0010410580699986456], [-0.0010410580699986459, -0.4433433442850725]], [[-0.4447154004954399, -0.0009533752744924388], [-0.000953375274492434, -0.4433449899404355]], [[-0.4444233414652585, -0.0008490951338850021], [-0.0008490951338849976, -0.4433020705269217]], [[-0.44387895794706933, -0.0006096966150575536], [-0.0006096966150575564, -0.44307161423080543]], [[-0.44293553888734094, -0.0001319823036129966], [-0.00013198230361299596, -0.4422707723545035]], [[-0.44219938202197084, 0.0002720820130669863], [0.0002720820130669851, -0.4412687691764434]], [[-0.4403512256159811, 0.0009516906111909716], [0.0009516906111909697, -0.43733791706306696]], [[-0.4399429389828359, 0.00048675766577822675], [0.0004867576657782274, -0.43700450248423084]], [[-0.44034481579227835, 6.304982291785392e-05], [6.30498229178552e-05, -0.43602964270459954]], [[-0.43968081481444826, 1.2205484293075614e-05], [1.2205484293075382e-05, -0.438269087260155]], [[-0.4396676712573039, 1.4287469551476316e-06], [1.4287469551475997e-06, -0.43828423078466827]]], "self_interaction_correction": [-0.0, -0.0, -0.0, -0.0, -0.0, -0.0, -0.0, -0.0, -0.0, -0.0, -0.0, -0.0, -0.0], "T_exact": [[[29.348712088434155, -0.009258245737612004], [-0.00925824573761197, 29.08948014957357]], [[29.268918764277153, -0.056690740275808706], [-0.056690740275808914, 29.066400604993543]], [[29.2287925026555, -0.10898279088678006], [-0.10898279088678013, 29.083797132922925]], [[29.22352344441933, -0.11940494088293722], [-0.11940494088293774, 29.084300902162926]], [[29.219796841743786, -0.1281633874710435], [-0.12816338747104386, 29.08239855243628]], [[29.215294285453474, -0.14113162548034036], [-0.14113162548034014, 29.072401872746376]], [[29.21375965994362, -0.1524033343730994], [-0.15240333437309952, 29.04178520330054]], [[29.215886865968013, -0.15114077243502677], [-0.1511407724350269, 29.010951115145943]], [[29.217289043768364, -0.09006372450044153], [-0.0900637245004414, 28.961334903244445]], [[29.217453320446918, -0.030347434394867336], [-0.03034743439486735, 29.018722674213226]], [[29.221764928762692, -0.005739003766667623], [-0.005739003766667615, 29.050525595753072]], [[29.219186743102682, -0.0004896866882749646], [-0.0004896866882749619, 29.054053731100577]], [[29.219096559009067, -5.485909826966633e-05], [-5.485909826966602e-05, 29.054138411197364]]],